"Ticker","Alpha","HML","RMW","CMA","Residual_Variance","Mkt.RF","Mom","SMB","VARIANCE","NET_ISSUES","ACCRUAL","Expected_Return","Expected_Var","Expected_SD","Expected_Sharpe","Actual_Return","Actual_SD","Max_Draw_Down","Actual_Var","Actual_Sharpe"
"AGG",0.217208152160963,-0.226769298759976,0.124076583472241,0.174806662603739,0.542454964604085,0,0,0,0,0,0,2.56470691172539,9.68981372641099,3.11284656326183,0.823910481806059,2.03023898549004,3.04216897051825,4.07492135541405,9.25479204518407,0.667365621425091
"BKLN",0.122723221501236,0,0,0,0.385528261511957,0.164701666663242,-0.0712148273794818,0,0,0,0,2.20834112160746,12.7708387903351,3.57363103724141,0.617954427469978,3.40390497250802,3.03474332825468,5.55006820188293,9.20966706838627,1.12164509624794
"BND",0.205160732707861,-0.232712737166726,0.13445767826373,0.167813627981091,0.588518633479275,0,0,0,0,0,0,2.40075496492087,10.5642259724925,3.25026552338306,0.738633489371671,1.84399753641118,3.16846781179582,4.00596450875033,10.0391882743862,0.581983989089679
"BNDS",0.208713975598316,-0.155960160579238,0.156294480364269,0,0.588467770793667,0,0,0,0,0,0,2.32750664442225,10.5692840607425,3.25104353411985,0.715926015753084,1.88914007401548,3.04313834198976,3.93283839975965,9.26069096848817,0.62078678709699
"BSCH",0.118673226203748,0,0,0,0.314053758480207,0.0599087824790768,0,-0.0606045497189453,0,0,0,1.7929328403816,4.69572451548608,2.16696204754169,0.827394666378948,2.19336881060688,2.05641507131679,2.83748639098285,4.22884294553884,1.06659829584034
"CBND",0.291636848858089,-0.10463974568284,0,0,1.45161758188771,0,0,0,0,0,0,3.12422109945101,18.463833919707,4.29695635534119,0.727077689669235,3.11043533515512,4.25226706694992,6.02015165089657,18.0817752086669,0.731476947751115
"CIU",0.185269902683432,-0.0943008323046902,0.114563817802461,0,0.483676866578406,0.0448546967787547,0,0,0,0,0,2.54351459424353,7.8309338652068,2.79838057905046,0.908923758721408,2.44140231321504,2.60560476089224,3.23007514088252,6.78917616998429,0.93698106092615
"CLY",0.45529780663113,-0.276411801146418,0.388691352208613,0,5.53853677353095,0,0,0,0,0,0,5.54508687099216,81.5805093353974,9.03219294166136,0.613924758561701,4.07473855086431,8.68764223855274,11.0972509247566,75.4751276650856,0.469026974060009
"CMBS",0.250806702176343,-0.160056978308287,0,0,0.592126495067979,0,0,0,0,0,0,2.39422032452259,9.54913009940873,3.09016667825681,0.774786791071474,2.46933683996808,2.9419782767862,3.78353019796708,8.6552361810819,0.83934570810821
"CORP",0.331020976110443,-0.164257796186636,0.193240058298715,0,1.47171864558527,0,0,0,0,0,0,3.90578328148643,22.1114146136937,4.70227759853602,0.83061520712908,3.28970459505595,4.51565502221307,5.77413253876565,20.3911402796381,0.728511052964295
"CRED",0.293119058911219,-0.135553307561906,0.172468284459326,0,1.419827281706,0,0,0,0,0,0,3.4962910480306,20.3073111419184,4.50636340544328,0.775856435325964,2.93598116324962,4.36114429363,5.92985802025623,19.0195795498615,0.673213488381477
"CSD",-0.109148005105657,0,0.522058582281415,0,3.81823009220238,1.12110099593062,0.147612444163727,0.335271082935186,-0.16380320028945,0,0,10.9128310509858,446.571112391358,21.1322292338352,0.516406997587982,13.0177231271973,14.9853674107425,24.8196357864715,224.561236434944,0.868695626232385
"CSJ",0.0842138598189309,0,0,0,0.0446602291839686,0.0175431089916638,0,0,0,0,0,1.15691016789641,0.608099561972347,0.779807387739015,1.48358451854473,1.24499017590896,0.755517931867753,0.571840482609565,0.570807345373726,1.64786317226271
"CSM",0.0169688590262064,0,0.109943938959336,0,0.268344512734047,1.04885595564196,0,-0.0620305628690039,0.0534006119072176,0,0,9.33352647840779,230.056555591732,15.1676153561373,0.615358858940944,14.3058892050971,10.699159791478,9.06168293140169,114.472020243579,1.33710398609916
"CWB",0.176393648600652,0,0.194236106602466,0,0.746539949164676,0.565772461261029,0,-0.268492490993188,-0.173177143649409,-0.204620589670496,0,4.98432584463346,132.672456629221,11.5183530345801,0.432729039444236,9.20241003433424,7.98881862931182,11.1328703159977,63.8212230920395,1.15191124762423
"CZA",0.115052555604553,0,0,0,0.800759110169019,0.896095993178851,0,0,0,0,-0.153237755242902,8.2617226760066,202.158844779986,14.2182574452703,0.581064360932277,13.1649485667774,10.2403801782437,12.536034845098,104.865386194967,1.28559177858914
"DEF",0.123430610396223,-0.339156092248395,0.332449175752917,0.706358792411631,2.10901618857161,0.684390782895488,0,0,0,0,0,8.85976681294034,117.99425759491,10.8625161723659,0.815627491122131,10.2836647749164,8.89882241624217,10.1337550793047,79.1890403958142,1.15562085564789
"DES",0.03031549881613,0,0.146583156090275,0.443791812873187,0.754940460711289,1.01977924225768,0,0.844548968793115,0.115919646816834,0,0,13.0753451150833,298.899869979393,17.2887208890477,0.75629337757234,14.8587313717222,13.4201840214575,12.9670010906756,180.101339169783,1.10719281851609
"DHS",0.102274900180148,-0.320401555552478,0,0.711703235000864,1.2347809155824,0.844608282739333,-0.108366338563813,0,0.154083357194763,0,0.167354413250038,9.40373494640405,134.098406937004,11.5800866549868,0.812060844324894,12.7258245144884,9.34760790159439,8.95928124233718,87.3777734819499,1.36139904973098
"DIA",-0.129520631440022,0,0,0.178962792998738,0.434624833357788,0.994381173153287,0,0,0,0.185294894390615,0,8.19767755939349,208.850217363113,14.4516510255096,0.567248513330637,11.6485226084186,10.6725840659371,9.03808192315694,113.904050644494,1.09144350950547
"DLN",-0.0447460160161123,-0.0912905697101862,0,0.267355948104425,0.256668356199684,0.953368657192764,-0.0976549107265097,0,0.142817705071584,0,0.0919462504233587,7.80005489743105,163.394537917874,12.7825872935753,0.610209398010639,12.3474458429868,9.59741751228961,9.06495293364333,92.1104229052033,1.286538365886
"DON",0.114058888227006,0,0.20706842234545,0.34106190476999,0.998994510533454,0.95228418391621,0,0.136806846738506,0.088546421410797,-0.205949476316087,0,10.4952944536388,193.71389420803,13.9181138883122,0.754074477178425,15.0416907943324,10.4534587993722,8.81297643193971,109.274800870171,1.43891998648675
"DSI",-0.0717276652724247,0,0,0,0.203828774107469,1.0080900152547,0.0282247919558575,-0.105331593760559,0,0,0,7.46500026705346,231.059184984513,15.2006310719165,0.491098049267521,12.5563958407958,10.5371669798077,8.50126020806257,111.03188796035,1.19162919832793
"DTD",-0.0380767126541946,-0.0875179699641566,0,0.281864697983541,0.304268975147159,0.964464033214432,-0.06455714402826,0,0.133783055632244,0,0,7.93316524023429,168.48125432362,12.9800329091886,0.611182213152815,12.5962693898297,9.71103081793192,9.09667212324443,94.3041195468235,1.29710940331587
"DTN",0.0473221425611803,-0.312568885607578,0,0.642478016978738,0.690434063839834,0.909099241043396,-0.17990463458977,0,0.133121792424588,0,0,7.64899662045426,159.76095816759,12.6396581507409,0.605158504227895,12.2435606907366,9.8909758271967,11.5376411454319,97.8314028141894,1.2378516442302
"DVY",0.215948604286587,-0.191033077586406,0,0.587499677942037,1.80351869593441,0.798425006314215,0,0.180548566370932,0.170084543169447,0,0,11.4536157430912,125.09254891076,11.1844780347927,1.02406350188728,14.129013652093,9.18654489459175,6.10953765789201,84.3926071003497,1.53801171324063
"DWAQ",-0.238762305078255,0,0,-0.325025101166632,2.19247257621479,1.08521348260307,0.353165904464436,0.267934196488245,-0.222965318385615,0,0,7.86815198525221,520.989175951872,22.825187314716,0.344713577889431,11.0842422691648,15.1019541932736,19.5263484467419,228.069020455734,0.733960792577543
"EES",-0.0934584853547962,0.378678994367875,0.165975006326244,-0.163268166045334,0.42371112082057,1.05337456255856,-0.0676776343033708,0.970081283492375,0.0688954683571229,0,0,10.9938854459335,395.796190657242,19.8946271806546,0.552605753608887,13.4285164567127,15.4687666970446,16.9775000694323,239.282743127595,0.868105177336363
"EPS",-0.0779405044083713,0.0824919355265678,0,-0.149213959605769,0.137167517810545,1.03113035105055,-0.0531571432634794,0,0.059220265941173,0.109334109839402,-0.0477799716943016,7.64198893549548,227.076356520736,15.0690529404052,0.50713133504261,12.5530005579261,10.8440921084271,9.6817095562592,117.59433365605,1.15758889102122
"EQL",-0.025662493316608,-0.0636110634094177,0,0.249102490863405,0.194269226446957,0.930088746424829,0,-0.110446254879568,0,0,0,7.61332804452062,185.224391738315,13.6097168133035,0.55940385453712,12.1866915417394,9.71012629274053,9.32764163378557,94.2865526209709,1.25504974645391
"EQWL",0.0388273516696416,0,0,0,0.794144965596134,1.00334892650442,0,0,0,0.241628694077971,-0.11027821760867,9.7820043818309,226.450720310626,15.0482796462129,0.650041374283782,13.4992105263176,11.0448474503851,10.507821395343,121.988655202278,1.2222179244175
"EQWM",0.042907472959434,0,0.231505538452403,0,0.540626076503434,0.942793353035992,0,0,-0.165996085543465,0.129516053881461,-0.248962008560374,8.10627824725625,273.556292301861,16.5395372456989,0.490115178365361,11.9551021729432,11.7725354431015,16.5518442227658,138.592590759081,1.01550785136508
"EQWS",0.0662091886031993,0,0,0,1.32172888121633,0.945118815708711,0,0.533573933013611,-0.195826483026331,0.443930916267381,-0.341541738996639,10.2723032695597,379.844690967419,19.4896046898704,0.527065758029388,11.7610807920776,14.526645759571,22.0490258133458,211.023437024061,0.809621228928828
"EUSA",0.0777885972071151,-0.0610155858913455,0.172172069774412,0,0.210518913009074,0.950079811992499,0,-0.0523927061982805,-0.122854509281106,0.125229510434378,-0.0910272310275561,8.85863146383783,248.928635469243,15.7774724043252,0.561473424691864,12.7530862828405,10.9016929998418,12.2382034857598,118.8469102628,1.16982621717797
"EWMC",0.0413560244118207,0.142510077101063,0.325978999652339,0,0.567033785662884,0.968930834805384,0,0.122260230054503,-0.117895669734514,-0.110486649362581,-0.186610186979301,8.52833519874734,289.629515447256,17.0185050884987,0.501121288526739,13.1390736192478,12.3670352733254,15.9415908745151,152.943561451674,1.06242711602737
"EWSC",-0.318395026635941,0.126417242579362,0,0,1.14322410932666,1.11148854959929,-0.119021543150105,0.983096298454073,0,0,0,6.78884500333312,509.506696794739,22.5722550223663,0.300760601747864,10.0625617946286,17.111460011017,24.2363579040056,292.802063708633,0.588059802503701
"EXT",-0.0536270944987322,0.148041838261873,0,-0.142924533512141,0.249576708021452,1.01254640841288,0,0,0,0.153658441936638,-0.0777647072792804,8.47950370760175,231.471800658976,15.2141973386366,0.557341509306442,12.8237332246426,10.9924690651322,10.1927938218535,120.834376147889,1.16659261433076
"EZM",-0.0625814988494863,0.154320961596138,0.212375268739581,0,0.670898211997812,1.04110052989007,0,0.312158882609818,0,-0.14042841547191,-0.180742193796491,8.2663925507372,305.094169760717,17.4669450609062,0.473259205998116,13.1937069511424,12.922081055612,14.2047763154876,166.980178807806,1.0210202903357
"EZY",-0.240402122982725,0.156902438972325,0.286419428478569,0,0.783271964996834,1.00195581402534,0.184415349999439,0,-0.0650445653222779,0,0,8.14066372733273,244.291783833253,15.62983633418,0.520841264954924,11.0715727811477,10.8156500891199,11.7149809310023,116.978286850279,1.02366225699972
"FAB",-0.0830817465695131,0.314874848608461,0.329437150980585,-0.195449239650167,0.4549163469207,0.997724563089715,-0.185501578001254,0.339208601162612,0,0,-0.20692629003368,7.14016909122686,294.027872518225,17.1472409593563,0.416403379887823,11.6155722690041,13.3511646976301,20.3043470018813,178.253598783245,0.870004417746856
"FAD",-0.087644943561661,-0.183300835460688,0.111186920171282,0,0.606449417162151,0.996910520366153,0.193208888469357,0.307253094460325,0,0,-0.201641225100058,8.28911781822308,295.419931355552,17.1877843643546,0.482267966743504,11.7797614586127,11.6192894581483,10.6650631494539,135.007887512236,1.01381082733522
"FDL",0.200158845203383,-0.238760405585787,0,0.80905946437803,1.94924931641503,0.763846713711578,0,0,0.1476380612512,0,0.280137923026546,12.1008889725041,119.586476184366,10.9355601678362,1.10656324749557,13.881370923353,9.1451936852958,6.41112811086663,83.6345675415743,1.51788703454934
"FDM",0.0976136729065379,0.645090692011599,0,-0.334708134672911,1.0960225900986,0.970852174150023,0.110458180669907,1.12958749540616,0.106566357836232,0.188850535933636,0,16.3357849274177,370.337879798447,19.2441648246539,0.848869518436557,16.2998594496345,15.3674963558502,11.1983801902297,236.15994424707,1.06067111207932
"FEX",-0.049660231591041,0.0561246669127351,0.267524665588614,0,0.225380341312021,1.00333209264831,0,0,0,-0.114616645834291,-0.195590117399707,7.24843387443108,243.174482130381,15.5940527808002,0.464820401490211,12.5287641316299,11.0199468202265,12.274648273213,121.439227920619,1.13691693217921
"FLOT",0.055226445541254,0.0201531886722836,-0.0410312698452472,0,0.0254316982809903,0.0174460158227554,0,-0.0218772985282809,0,0,0,0.729216561288881,0.493966152131964,0.702827256252889,1.03754735577087,0.973174220834072,0.630957814973144,0.472870365740086,0.398107764275684,1.54237604755794
"FLRN",0.021439451928637,0,0,0,0.287225469718695,0,0,0,0,0,0,0.257577009115728,3.44670563662434,1.85653053748769,0.138741056995641,0.240484434151944,1.85653053748769,1.53622715621351,3.44670563662434,0.129534327228128
"FLTR",0.0689047412723198,0,-0.175354293944883,0,0.30191148896695,0.0791079417260057,0,-0.0641196702227323,0.0521920394749557,0,-0.0925906554256075,0.696754533076027,6.17687486297212,2.48533194221056,0.280346669691254,1.91379859244936,2.18805499201545,1.73690024260875,4.78758464808372,0.874657446651526
"FMK",-0.248766366193101,0,0,0,0.729672674090946,1.01452896117713,0,-0.271698020910562,-0.0703316971854471,0,-0.175100746147624,3.70543193057671,264.903467709646,16.2758553603074,0.227664343811589,9.6325831378014,11.4579234811394,10.6007086838317,131.284010499645,0.840691871756464
"FNK",-0.167724113149561,0.301369092192533,0.308466046817975,0,1.01763525642045,1.01409718454221,-0.194188774599455,0.365325821851231,0,-0.160562661510986,-0.167618724822612,5.90070926816983,319.180287130216,17.8656174572898,0.330282974113618,11.0344914185305,14.190709406582,20.7547807172426,201.376233462056,0.777585609174157
"FNX",-0.214955498253318,0.155418057104065,0.242971565194908,0,0.68779291687078,1.022946798857,0,0.357300439871615,0,-0.13911335022219,-0.184543017031247,6.34539090926363,302.025742988322,17.3788878524583,0.365120654620374,10.8997537019704,12.9020709065894,16.5914450402807,166.46343367866,0.844806526090601
"FNY",-0.253363826118937,0,0.233589847540136,0,1.02762221033076,0.999548947765595,0.341779258935599,0.270108408810968,-0.0919612488427193,0,-0.284219769798494,7.88959168625316,326.685686453842,18.0744484412068,0.436505252811266,10.3530889795422,12.2394677775751,13.4641769189359,149.8045714783,0.845877383533857
"FPX",0.250280383197109,-0.248130624709607,0,0,1.04454159802185,1.04554934916363,0.0919144859387006,-0.146463320053932,-0.112290345020281,-0.148810401038633,-0.313091862055815,8.77935086255324,369.336874107978,19.218139194729,0.4568262709306,15.8566899890194,13.0485586231621,15.9985472702607,170.264882142097,1.21520624974414
"FTA",-0.0163224106465058,0.293849380581217,0.307886800781208,-0.195849628779314,0.71546134888659,0.978520372313484,-0.18045418803485,0,0,0,-0.233655769225532,6.87151806806037,251.195416444494,15.8491456061358,0.43355763388281,12.1892285935162,12.1776542605438,18.0515775477657,148.29526328934,1.00095045669098
"FTC",0.0160259958343808,-0.263400461020758,0,0,0.62740713302499,0.994420129595442,0.160438904219856,0,0,0,-0.229194281600621,7.84678155522394,271.35232476107,16.4727752598362,0.476348485998951,12.7086757666549,11.0205964450636,8.56127257990642,121.453546004948,1.15317495110235
"FTCS",-0.004378405637337,0,0,0,2.21898613685034,1.01281209940596,0,-0.288409626164069,0,0,-0.324290265038291,6.40394889547915,260.130587301093,16.1285643285785,0.397056350770905,12.738994246944,11.8720298754489,12.5000090855052,140.94509336355,1.07302579092123
"FVD",0.145665386858944,-0.16023665319035,0,0.420969768058307,0.961534394804362,0.861951721368543,0,0.116529316663348,0.186428768687905,0,0,10.6162149576006,129.249216776886,11.3687825547367,0.93380402927818,14.000953998318,8.92781041633033,4.93853031453791,79.7057988299364,1.56824051423719
"FVL",-0.447445380704184,0,0,0.338372909913773,2.05730863918733,1.15719720162431,0.152843680114207,0.223584461972208,0,-0.192690233526644,0,5.7150862535559,359.474874510526,18.959822639216,0.301431419602786,10.5547805512199,13.7698417642082,14.1066880520401,189.608542211333,0.766514294932192
"FYC",-0.136010918193126,-0.108686050994395,0,0,0.917095168226994,1.02841319331621,0.214246424324305,0.97382891702912,0,0.170587267353427,0,11.4496469363035,432.306318582322,20.7919772648568,0.550676195460067,11.9729289044176,14.4389394552095,12.0638393201179,208.482972591206,0.829211102488405
"FYT",-0.150414030882488,0.392704262418898,0.371639690819414,-0.214894139387948,1.07479192833813,1.01280468890277,-0.227226191124495,0.976207486396648,0,0,0,8.66664391046985,437.921802432314,20.9265812409078,0.414145235224953,10.9871500016586,16.6196746072766,25.1285290344491,276.213584051755,0.661092967298415
"FYX",-0.161673005150226,0.239092016522154,0.278653948707341,-0.138212948511834,0.473202834896354,1.02371074343116,0,0.963731096203459,0,0,0,9.97230493160881,411.139542451072,20.2765762013973,0.491814043582052,11.6964334434268,15.1141337408038,18.3100211384536,228.437038734903,0.773873888111088
"HDV",0.0397775145245528,-0.269520943373693,0,0.645634497421735,1.50172279665403,0.819751728916779,-0.133786925473787,0,0.210263029631664,0,0.250651422813065,8.72534868663133,124.102960981163,11.1401508509159,0.783234338870191,11.7609793277832,9.3396109343171,8.01775867734107,87.2283324044156,1.25925795094624
"HYG",0.0835154336217236,0,0,0,1.64142238589587,0.316580967311778,-0.103954438288127,0,0,0,0,2.68526649883307,47.4703301273363,6.88987156101885,0.389741154831627,4.73930820794566,5.90530832090554,9.46485383712452,34.8726663649562,0.802550510558086
"HYS",0.163132765419811,0,0,0.245068200619752,0.690443552717289,0.241095497670926,0,-0.114133128394715,-0.117478187498601,0,0,3.9899895032971,30.3454864496369,5.50867374688653,0.724310367001171,5.2203907253608,4.51192972052826,8.96668886548298,20.3575098029862,1.15701951242928
"IJH",-0.03171224891215,0.134172019701555,0.251463805780276,0,0.652972514981039,0.993644182899412,0.11113285950521,0.274188795406645,0,-0.154775819940676,-0.166639789500715,9.19015478198899,270.015809160367,16.4321577755439,0.559278635680262,13.4023239036135,11.797790918038,12.628130289506,139.187870545741,1.13600283279493
"IJJ",0.0151810123754103,0.160909017516028,0.233460650798982,0.225305850450517,0.766112575896107,0.999172152177266,0,0.328326767427332,0,-0.147508507071688,-0.147946840631381,9.83261741177397,269.088190391212,16.4039077780635,0.599407015986938,14.1176862359821,12.5713169499042,14.8472753792762,158.038009854949,1.12300773994006
"IJK",-0.047102652719737,0,0.232059867406018,0,1.02469338385661,0.949909765739305,0.278284554127056,0.168116574054184,-0.117469856847304,0,-0.196362120102713,9.57947397515919,290.367405438878,17.0401703465335,0.562170082830655,12.2590799419707,11.5150613944765,11.9366446962944,132.596638918563,1.06461264269516
"IJR",0.0467509813377299,0.22402531362381,0.136505225285897,-0.152522094297066,0.29996243114132,1.00281653792,0.0541427280537903,0.885603150067812,0.0752237437405588,0,0,12.6455551899872,340.389950594839,18.4496599045847,0.685408579637004,14.7730847614498,13.6558665974254,11.6615746593166,186.482692526678,1.08181232264198
"IJS",-0.00503926980347979,0.281934312102596,0.170035064253338,0,0.458186726761877,1.0287695191031,0,0.844790466488461,0.0523188253778658,0,0,12.3324925107865,345.390301177531,18.5846792056664,0.663583824843551,14.5400177986165,14.2622105689961,13.4375358575714,203.410650314385,1.01947855336145
"IJT",0.0498406695240608,0.195698890972576,0,-0.336016204848398,0.520945445079948,0.997765782771985,0.116137926395693,0.927572041177309,0.120916185318207,0,0,12.3866388765229,351.353579949968,18.7444279707322,0.660817118338506,14.7737158591794,13.5579966843896,11.4987112788818,183.81927409392,1.08966805370218
"ILTB",0.401795227037543,-0.450338281370772,0.409341067339303,0.499282007253655,5.48473566537758,0,0.167650665558565,0,0,0,0,7.20451176019155,94.7543451910238,9.73418436187767,0.740124852001656,4.06761009759942,9.43098256964452,12.0872082699409,88.9434322289388,0.431302896337845
"ITOT",-0.0122846007953946,0,0,0,0.200438560537963,1.01907206277083,0,0,0.0444930253766667,0,0,8.47679763610312,227.537166201495,15.0843351262657,0.56196030949636,13.5392887715971,10.6114683781747,8.53624420249559,112.603261141002,1.27591095681387
"ITR",0.263188928670579,-0.0994857682782939,0,0,0.619792151238137,0,0,0,0,0,0,2.79480771241556,8.3815774868924,2.89509541930701,0.965359446800046,2.82816163564756,2.83482417694478,3.47972353119037,8.03622811419063,0.99764975149027
"IUSG",0.00692841343803735,-0.155931263284843,0.20241798613843,-0.123760618984999,0.10389035700002,1.01894199435883,0.0762325208665013,-0.0866148431973624,-0.0668564028004893,0,0,8.32004938691242,283.708943662698,16.8436618246359,0.493957280402254,12.8643415603046,10.9982472805615,8.94984889668912,120.961443244379,1.1696719697366
"IUSV",-0.0302227345893356,0.149946112286902,-0.0981559076757574,0.174421628549297,0.140493086113057,0.977033247580722,0,0,0,0.0660578579385508,-0.0485530847897493,8.79018189963407,207.179070522582,14.3937163554998,0.610695784363945,13.331268916701,10.7240290063414,10.7027420388099,115.004798128851,1.24312130345954
"IVE",-0.0767988931525238,0.106662360326274,-0.1475554523413,0.191167635694105,0.135742981464807,0.995705505055406,-0.09982835083713,0,0.0969680003818975,0,0,7.36478312980557,197.299298996276,14.0463268862816,0.524320926704222,12.8580741759406,10.6196647568478,10.0899023816984,112.777279547835,1.21077966869429
"IVOG",-0.065039642451342,0,0.207081514359205,0,0.995614200482718,0.966203535037811,0.272506678455917,0.161652280347396,-0.108979755021666,0,-0.213255643529633,9.31063930871883,294.472994300646,17.160215450298,0.542571236106312,12.2280750009024,11.6363421528258,11.8842163506653,135.404458697631,1.05085213551691
"IVOO",-0.0256457829897616,0.120899365239675,0.238950906332395,0,0.661235789621192,0.991577704551848,0.0998388876477458,0.285771476543422,0,-0.135895182508564,-0.169363539475304,9.17776459791766,270.343230120833,16.4421175680273,0.558186289566762,13.3513742524963,11.8276055852485,12.7031878510839,139.892253880202,1.12883154212956
"IVOV",0.0445866657336816,0.234736140030795,0.257678946579058,0,0.887219991446169,0.979827694901352,0,0.32309856527845,0,-0.119283724044172,-0.218788517391919,9.60020232198184,272.482948168041,16.5070575260414,0.581581684490808,13.9958654316446,12.5732675700456,14.8865157965446,158.08705738796,1.11314464228759
"IVV",-0.0245358653432725,0,0,0,0.0390154891481559,1.00502885938651,0,-0.0996503649143374,0.0306736689092536,0,0.0327108821505308,8.05577533596118,217.275432662059,14.7402656917051,0.546514934292837,13.1881696745336,10.2670156140722,8.48367237880998,105.411609619603,1.28451832258418
"IVW",0.0376848474056091,-0.144342483183575,0.153786077709274,-0.129415210198849,0.132792868043433,1.00945065735987,0.0619381599059149,-0.171481997441488,-0.0340140195842325,0,0.086753218971902,8.69281373419972,259.181020424757,16.0990999880353,0.539956503199568,13.3633519032396,10.6109882399376,8.30564452297545,112.593071428095,1.25938806085399
"IWB",0.0189764292288165,-0.0276587387030936,0.0551440276022216,0,0.0432569325224912,0.982843716501029,0,-0.0671020125158772,0,0,0,8.28479110212035,221.218271256793,14.8734081923678,0.557020354377933,13.2075400461752,10.2803847445976,8.65989917537804,105.686310496956,1.28473207708649
"IWC",-0.0477926256437634,0.164750625537468,-0.35462569811144,0,0.664495219882505,0.960423684655969,0.0721399633447342,1.04279200097756,0,0,0.158312846013915,10.6468436910766,457.55874404827,21.3906228064605,0.497734160777262,12.98236701361,15.710579548432,21.0811395808691,246.82230974761,0.826345519182689
"IWD",-0.0506321228688167,0.119689243929029,-0.145230471185413,0.174056658274861,0.140432894281861,0.992021859231824,-0.0476053370148776,0,0.0688008732344048,0,0,8.04152789904517,200.793036766633,14.1701459684307,0.567497887245529,13.3104991789597,10.5635518201716,10.2826540420837,111.588627057452,1.26004012717982
"IWF",0.0304092783903199,-0.151228026181423,0.271157999389509,-0.115291540911172,0.120237370410366,0.998847739818867,0.0493516092010395,-0.154854327561911,-0.0661884708232805,-0.0602029432159737,0.0539785297872175,8.1755393083317,271.68637128306,16.4829114929086,0.49600092264337,12.9104552768236,10.7505038831374,8.55267163130793,115.573333741352,1.2009162935213
"IWL",-0.0373517852069229,0,-0.077015890684145,0,0.155931287883124,1.01118772991534,0,-0.139795377662175,0.0330472724459261,0.0837610401404394,0,7.99079984177034,214.929190593393,14.6604635190499,0.545057789706787,13.0186605091628,10.3603471559158,8.73148317166006,107.336793191092,1.25658535503119
"IWM",-0.1177271966869,0.141903441808622,-0.0808912513438347,-0.181280350141723,0.130532065314122,1.04213816647981,0.0712040479090181,0.855105123123767,0.0349751289660809,0,0,9.64172710236073,402.795498117693,20.0697657713709,0.480410544507422,12.7227303548962,14.469844330958,16.7780860961678,209.376394962156,0.879258274235622
"IWN",-0.10385541433281,0.309379621865926,0,0,0.338977957129756,1.00639649125591,0,0.904605760541828,0.106775856360546,0,0,10.7946505549812,330.698105771533,18.1851067022312,0.5935984171958,13.2261430503541,14.1543900590253,15.3964695064509,200.346757943034,0.934419851028527
"IWO",-0.117000338638758,-0.0891159473569797,-0.165784816737311,-0.298705451295791,0.126717531390331,1.08011375412809,0.0987617302375196,0.805680972840158,0,-0.045230625538866,-0.0600796986372013,7.86191067086581,498.600298778944,22.3293595693863,0.352088497945303,12.1016505977934,15.3362473354067,19.9552899894744,235.200482332768,0.789088121306861
"IWP",-0.0381589946735924,-0.187042294368868,0.235046048353163,0,0.318464363890401,0.990276664831513,0.0591486503235036,0,-0.0896917381213444,-0.139338931251726,-0.164399297042087,6.32036702313863,304.448420402529,17.4484503725267,0.362230850774593,11.6183975345664,11.6402180636024,12.9369599376127,135.494676568215,0.998125419221809
"IWR",0.0401409330699557,-0.0709863227710844,0.179509615959762,0.167910632933282,0.30209941456738,0.960861589181678,0.0664946117307577,0,-0.0849025462333373,-0.110583487087173,-0.155301204016061,8.20707203073026,254.201439952312,15.9436959313803,0.514753421418252,13.0600090154254,11.0795657168689,12.8418440986906,122.756776474416,1.17874737595006
"IWS",0.11762664530426,0,0,0.207996212501133,0.672562076000005,0.941099002283166,0,0.111798423770153,0,0,-0.171241717221972,9.50361074586343,217.702710378027,14.7547521286543,0.644105076316876,14.1331218415819,10.9624038906167,12.8240428098803,120.174299061008,1.289235644171
"IWV",-0.0125686378772888,-0.0243681306376359,0,0,0.0415179890568808,0.996892553969621,0,0,0.0186855346435421,0,0,8.07483710782868,227.631612902212,15.0874654233974,0.535201697649385,13.074027739495,10.4782034348799,8.91295650057179,109.792747222728,1.24773562765293
"IWX",-0.0706085158703359,0.115338550723922,-0.243949411468495,0.137716183428087,0.347298354112114,0.987256114922806,-0.0815034430164596,0,0.0981349753301948,0.10661746165237,0,7.74952905126651,193.697579506656,13.9175277799851,0.556817933024799,12.8051094366101,10.6073664858919,10.7092424096586,112.516223766022,1.20719025345653
"IWY",0.0537657545153419,-0.14380718149007,0.265559993169882,-0.148513287363417,0.15717161720333,1.00970746334599,0.0525848792496446,-0.226903061009012,-0.0571779403076799,0,0.119165613401116,9.00535181119255,265.66659321713,16.2992819847112,0.552499908869583,13.4208706726968,10.7244945646839,8.2025774880128,115.014783667934,1.25142220845467
"IYY",-0.0121953595283574,-0.0183733084989688,0.0409535107583998,0,0.0320503170318461,0.997845931345499,0,-0.0473943738139975,0,0,0,8.05394316491668,229.317202862005,15.1432230011317,0.531851321499707,13.0336968948202,10.4866087291479,8.73563061438951,109.96896263824,1.24288959676664
"JKD",0.142880699587037,-0.104989391921256,-0.245411617145402,0,0.391075528532503,0.976850377047149,-0.0925841948767442,0,0.0958836459506463,0.196744104639284,0,9.45312283213764,201.189895279622,14.1841423878789,0.666457130338445,14.410259873958,10.3286721506329,9.07626649695901,106.681468395259,1.39517061475081
"JKE",-0.00860002459746531,-0.138658586624591,0.40992967811603,-0.34443893915098,0.450256715389696,1.03090648449003,0.154987296936005,-0.232903073374873,-0.144298256015123,0,0,8.30722615548158,341.326553665157,18.4750251330047,0.449646270880635,12.4113229860395,11.6670097527777,9.91300951908519,136.11911657141,1.06379640105166
"JKF",-0.152054353026528,0.217072489057197,-0.207277686932909,0.133548240475394,0.42189480639511,0.972795634543271,-0.0872663940178523,-0.0963878549806406,0.1453760502872,0,0,6.42524079080478,176.387966644514,13.2811131553238,0.483787820769315,12.0279794807212,10.2638944057166,9.62510900855842,105.347528371701,1.1718728783903
"JKG",0.010519002761217,0,0.179303654018797,0,0.550592426076632,0.995035741260039,0.129925655644848,0,-0.0889742061886317,0,-0.238524477424418,8.7694230198095,273.11087982215,16.5260666772874,0.530641875713944,13.1386513434948,11.3896523560096,12.715040645903,129.724180790756,1.15356034871094
"JKH",-0.0368251101699466,-0.316490415658907,0,0,0.501125035767355,0.95449332822079,0,0.0872201657644588,-0.0851188475989614,-0.120171298750156,-0.16081282362104,4.62613950495538,331.108845579889,18.1963964998537,0.254233826186002,10.5081537700813,12.2220332227536,16.072672232882,149.378096098094,0.859771330887755
"JKI",0.217895712888779,0,0,0.347405006918994,0.598802621260318,0.976449691813126,0,0.104269321379189,0,0,-0.258881044499339,11.1869188643271,227.999728488944,15.0996598799094,0.740872241712659,16.0647421051226,11.48452235205,11.3022598964055,131.894253654737,1.39881673896999
"JKJ",-0.0523086174180447,0.119418661143531,0.23614092809853,-0.206760086956766,0.436097611290811,1.03907955439634,0,0.654734273506864,0.0597685001584288,0,-0.229784176924323,9.27498279725674,338.58239810241,18.400608634021,0.504058478810757,12.8250733999371,13.4461891487646,15.9322005353195,180.800002624354,0.953807302429289
"JKK",-0.0258112192175121,-0.232296439402627,0,-0.430491336055226,0.517901929538882,1.03311156028017,0,0.763383712753776,0,0,-0.129666850759087,7.08453570843464,486.009196801096,22.0456162717465,0.321358025155963,11.375374877529,14.8406658009013,19.2713206559184,220.245361414042,0.766500305992886
"JKL",-0.0546178663104445,0.11162938595685,0,0.346855979907519,0.691708466367665,1.05364318473013,0,0.550204238633322,0,0,-0.108946381915619,10.3936750664141,326.720210397417,18.0754034643052,0.57501759708652,13.935508504538,13.9545054065214,17.7731111280238,194.728221140635,0.998638654582875
"JNK",0.0400415930581301,0,0,0,1.830356371828,0.341780179429955,-0.114363593560421,0,0,0,0,2.26762484534464,54.4818180547766,7.38117999067741,0.307217118158438,4.47860179428687,6.30604952504815,12.7544153741556,39.76626061236,0.710207202860919
"KLD",-0.0833512107055118,-0.130270915986371,0,0,0.337873956129434,0.988010960795842,-0.0440920560228814,-0.0954183703915761,0,0.0704445064252221,-0.12130135251831,5.87915204852736,235.181378298594,15.3356244834892,0.383365676099922,11.1291379543532,10.6994801848108,9.38679837285088,114.478876225159,1.04015688258878
"KNOW",0.0735180617500149,0,0,0,2.22985869039546,1.02619708315851,0,0,0,0,-0.27534138174401,8.34705705839036,284.21968591127,16.8588162666087,0.495115251651618,14.0577525135591,12.4933699121458,14.3671796120169,156.08429176171,1.12521702410271
"LQD",0.350204464394539,-0.166404442299229,0.211387970011623,0,2.09707016673503,0,0,0,0,0,0,4.18657132244291,30.0839556013221,5.48488428331192,0.763292552074581,3.47195430380614,5.30539200061987,6.37999086094686,28.1471842802413,0.654419937942471
"LWC",0.505135673618009,-0.284096161334572,0.426748798694637,0,5.57593987991863,0,0,0,0,0,0,6.25160213278246,84.1413046396845,9.17285695079153,0.681532718358048,4.64444491404374,8.77869566713153,11.2533569995293,77.065497616114,0.529058654058722
"MDY",-0.0499569082654621,0.136391823296749,0.257973919815386,0,0.665967918726402,0.994090461761675,0.113882294489376,0.264031132114889,0,-0.159064718186403,-0.170603502184289,8.94704161817443,269.136228293613,16.4053719340225,0.545372677569076,13.175737019812,11.7719166996069,12.6553359300771,138.578022782483,1.11925163556858
"MDYG",-0.0137206462750406,0,0.304384116742593,0,1.01768632813522,0.927818987228918,0.290308071066019,0.167837263733665,-0.142643467460507,0,-0.19692035196396,10.0436852604491,289.648618740575,17.0190663298718,0.590143140979505,12.3414607751377,11.4063397637846,12.3632234462083,130.104586806893,1.08198256677591
"MDYV",0.00638860641819835,0.170171658330176,0.217860064301679,0.187315054166857,0.686602557469942,1.01393237682466,0,0.317261908659548,0,-0.128633117032583,-0.157130089568949,9.76985705393256,274.422271775573,16.5656956321059,0.589764370353252,14.1553831513267,12.6360273453004,14.8996187691395,159.669187071179,1.12023999034724
"MGC",-0.0452350608265228,0,0,0,0.0469217202835829,1.01808577718615,0,-0.129928241597063,0.0300773667908569,0,0.0461404466125077,7.88666013397774,221.699100908733,14.8895634895296,0.529677054637879,13.0990056889161,10.363629658928,8.63754078715925,107.404819707412,1.26393996312206
"MGK",0.0106234257333628,-0.179913174708476,0.276205997264268,-0.135188111669953,0.246797523125706,1.03052960579121,0.0688942096750594,-0.207035660923978,-0.101531353345118,0,0.0704296027399583,8.35961890605541,300.225379763326,17.3270130075361,0.482461628119025,12.8582603684041,11.2777723313008,9.09510255784137,127.188148756655,1.14014186407334
"MGV",-0.0538438236516675,0.136909780693965,-0.180786872187648,0.168670189301013,0.258359351839616,0.991221549097588,-0.0533936741531951,-0.0830112373823725,0.117978431570291,0,0,7.90653558635719,184.147912330493,13.5701109918266,0.582643398504211,13.4345056018435,10.2207471771167,9.02166834063295,104.463672858538,1.31443478339061
"MINT",0.0793562296886566,0.0101315129102422,0,0,0.00915047108535148,0.00837104867642157,0,-0.0160055971015433,-0.00888485668678278,0,0,0.998590309727843,0.162786245819046,0.403467775440674,2.4750187512179,1.07681341338404,0.37591856534863,0.23948293730689,0.141314767773772,2.86448585582729
"NFO",-0.264881395590476,-0.109418554269139,-0.205748610695714,0,1.20203718269872,1.08040475762665,-0.0837615600972317,0,0,0,-0.19821770583934,3.04491650976246,327.094473367943,18.085753325973,0.168359949120264,9.78888033337018,12.9685325665912,14.4329199021017,168.182836930735,0.754817885763557
"OEF",-0.0668312294675955,0,0,0,0.142486112905282,1.0132036238127,0,-0.186405403379301,0,0.0821434612861346,0.107728991826946,8.04693769906941,221.676142138669,14.888792501028,0.540469463760327,12.664652681926,10.4497577439501,8.74211928799548,109.197436907245,1.21195658236749
"ONEK",0.0232784913406606,-0.0763179834597353,0.0765097906464126,0,0.286529303750239,0.998035580502069,0,-0.0722392361991421,0,0,-0.0624703769416423,8.05786929702257,235.30802992985,15.3397532551815,0.525293279688236,13.1713079879214,10.6084299752524,9.26609262816159,112.538786539834,1.24158881367438
"ONEQ",0.185808901218361,-0.157470048358142,0,-0.572078866432478,0.612548213877635,1.07231219578394,0,0,-0.0411349528479914,0,0,8.7093582482553,390.776940419357,19.768078824695,0.440576867660768,15.0048233525581,12.8112869396728,11.0647114154267,164.129073050632,1.17121905263807
"PBP",-0.122377124025447,0,0,0,1.10138921177654,0.5715504196264,0.0755600224705976,-0.16114977312863,0,0,0,3.46314039306153,83.2643170336603,9.12492833033007,0.379525215726955,6.18024935196277,6.71251818307871,6.43365734079179,45.0579003581623,0.920705044426143
"PDP",-0.035867147416294,-0.193669331256933,0.282466918098297,0,0.937512168378935,0.894970702365451,0.239097230470518,0,-0.112864552652486,0,-0.118193813291405,8.16487687172054,256.680098306199,16.0212389753789,0.509628305542921,10.9282775141125,10.459735984568,12.8712702436776,109.406076866868,1.04479477591363
"PEY",0.398187267509752,0,0,0.715227143273319,1.66606531204719,0.773375275787059,0,0.242518819640365,0,0,0.288616709485428,15.6215113791987,161.012947969582,12.68908775167,1.23109806511841,17.1308983123072,9.99865423769139,5.11438628246385,99.973086564904,1.71332040343287
"PFF",0.283454752254219,-0.139137819901792,0,0,1.10902361690084,0.195967848347619,0,-0.145388453788808,0,0,0,4.18995646215252,25.7463573315106,5.07408684706033,0.825755764227799,5.51411368150019,4.37060915638321,5.49010214904517,19.1022243978607,1.26163504541396
"PFIG",0.134782978351776,-0.11501270708159,0.175860809796021,0.175726309335603,0.615411570612828,0.0712253734450806,0.107371637367384,-0.139922342733167,-0.0995429773365711,0,0,3.00038703756287,14.6927038964244,3.83310629860749,0.782756021833483,2.43025884251418,3.24419419041251,4.51366167333935,10.5247959451063,0.749110164149933
"PFM",-0.153731964825372,-0.186534236302142,0,0.509171243863033,0.537847108155621,0.924878581801812,0,0,0.160599439392059,0,0,7.07434523792254,144.224153350942,12.009336091181,0.589070468526363,10.8402454332491,9.22222798002616,9.7009915508965,85.0494889155774,1.17544756611172
"PGF",0.444842761167203,-0.166796810275176,0,0,1.20527570802563,0.134525895705808,0,-0.105971094566238,0,0,0.127774474208467,6.17957406818872,24.0058404062402,4.89957553327227,1.2612468215306,6.78972624681518,4.48300084150338,5.85648756182027,20.0972965449201,1.51454940270282
"PGX",0.461527720181273,-0.278622169871478,-0.234874297088406,0,1.31824644353853,0.112549021838544,-0.111711018822339,0,0.10499937109329,0,0.144362591699916,4.77535150454815,27.5375593695295,5.24762416427944,0.910002575461474,6.30870056760293,4.67335174392276,6.33028527104198,21.8402165224259,1.34993060939759
"PHB",0.114156550803506,0,0,0.222009454599694,1.06274338194132,0.242411370111998,0,-0.149503535941549,-0.100381096706902,0,0,3.315267018915,32.1134972102603,5.66687720091589,0.585025385476711,4.60159284727637,4.80757415856725,6.94584601452406,23.1127692901236,0.957154834330779
"PKW",-0.0585135822488231,0.0987906254323117,0.198656684386158,0,0.515220846905868,1.06893979517747,0.0753535793658556,0.102635153849831,0,0,-0.164251629710253,9.38627905347529,269.629093373827,16.4203865171873,0.5716235146871,13.7529160063019,11.7173836958882,13.5454999556674,137.297080676667,1.17371901127791
"PRF",-0.0131457007622594,0.136040049670523,0,0.234481325760775,0.0818464953559007,0.987093639810136,-0.0261063798514848,0,0,0,0,9.08796118575812,209.48948517511,14.4737515929738,0.627892576943897,13.7188407392113,10.7909113475218,10.008435741267,116.443767710074,1.27133291131726
"PRFZ",0.0163394044604687,0.189656495135577,0,0,0.225829676423259,0.983881526423897,-0.0635262084479566,0.720413745773996,0,0,0,10.2151856333235,342.940534335908,18.5186536858355,0.55161599793493,13.5422475688151,14.0128198841986,15.6325001533285,196.35912110699,0.966418442592412
"PSK",0.396429342915433,-0.216196506585803,0,0,1.70120110515356,0.102584084310692,0,-0.188605250682792,0,0,0,4.40970899384927,30.6136958010072,5.53296446771594,0.796988489548287,5.33279523150183,5.16545771078193,9.05366626863524,26.6819533618765,1.03239548750358
"PWB",0.11116470050496,-0.0928918745286217,0.158761811198427,0,0.550077962345192,0.918442099678494,0.280904377259725,-0.0982067168663016,-0.105801542595803,0,0,11.0432892040308,242.231907178411,15.5638011802519,0.709549619410653,14.0215442755738,10.0655237143834,7.5700092660635,101.314767644814,1.39302679854973
"PWC",-0.147196215665398,0.124332235667748,0.224912652378884,0,1.27555844736216,1.12760762417691,0.209800602415457,0.19426576202332,0,0,-0.168626393435692,10.3553129720872,315.358982767066,17.7583496633855,0.583123610491684,13.9124842664359,12.5758472692703,11.8967375333654,158.151934540014,1.10628603930581
"PWV",-0.0887333887192566,0.154151361511798,0,0.219112748960757,0.519801831964158,1.01622148094567,0,0,0.108942553579596,0,0,9.06400892010522,190.250198048991,13.7931214034022,0.657139791278101,13.5541522041651,10.5180565568558,10.5280457540504,110.629513733218,1.28865557347952
"PXLG",0.118767705781632,-0.15646032158037,0,-0.30983131568173,1.05862065162608,0.909801320363861,0,-0.307155039650068,-0.165766495885476,0.306904006165643,0,7.85938435769489,273.202762847584,16.5288463858669,0.475495032999709,11.7229009974344,11.2183284426407,11.4275318261049,125.850893046962,1.04497751669276
"PXLV",0.023135750764626,0.358970306766251,-0.189563729621803,0,0.89396221142059,1.00035246297147,0,-0.196019320471912,0,0.198588932784088,-0.175831408642049,9.59663549865189,216.982688082254,14.7303322461597,0.651488054599296,14.4868428294974,11.5296410523945,10.9474869324403,132.93262279706,1.25648689006574
"PXMG",-0.224920637622299,-0.213505123240845,0,0,1.33635307840804,0.984816276439488,0,0,-0.0985814021290412,0,-0.186475786995624,3.29735452427575,319.775966227892,17.8822807893147,0.184392279884457,8.64288036756824,12.3920675225443,18.3629594169356,153.563337483296,0.697452652823646
"PXMV",0.117148475194587,0,0,0.465621907753851,0.81645187499944,1.03484480808317,0,0.185247920592694,0,0,-0.217397891803513,11.0992696824885,259.56621471793,16.1110587708546,0.688922425295066,15.721390964861,12.4117963360803,14.1320961317145,154.052688288337,1.26664912468471
"PXSG",-0.155212368729559,0,0,-0.318897277837521,0.991244248544148,0.923411023991715,0,0.603782593797385,-0.0880848543481662,0,0,5.6645070862124,391.945467850967,19.7976126805978,0.286120714532605,9.19890109292158,13.8165613334484,18.6838329485445,190.897367080941,0.665788025755154
"PXSV",-0.0373535547561629,0.550226355909507,0,0,0.467136342035057,1.05951102886599,0.0686807467395574,0.85473755426267,0,0,0,13.3168483250926,401.169548590552,20.0292173733911,0.664871126856115,15.5327525422913,15.8272882648377,17.612193194841,250.503053818269,0.981390638900491
"QLTA",0.263881361361883,-0.256671798768772,0,0.293597935352953,1.25422523031216,0,0,0,0,0,0,3.0207306851546,18.4264254660759,4.29260124703843,0.703706333598696,2.69699429056072,4.18504709370464,5.25850635656616,17.5146191765256,0.644435828360851
"QQEW",0.175013228299174,-0.257285170339151,0,-0.376910193367701,1.04332302745533,1.08982558305325,0,-0.202656634367109,-0.0961205683965929,0,-0.220160046290258,7.33149125023356,411.293989681991,20.2803843573536,0.361506523794023,14.4789972960656,13.3369742281353,11.0848568197502,177.874881561946,1.08562834780928
"QQQ",0.27368187372762,-0.154186416479668,0.240607682784327,-0.667134848760125,0.987005767351225,1.0665518346743,0,-0.293017084720769,-0.121871582473788,0,0.171591302513477,9.95702173218955,413.936254508247,20.3454234290724,0.48939859948855,15.7703721404638,13.0792073463192,9.82892450468219,171.06566480801,1.20575901298039
"QQXT",0.14192715059678,-0.451481237117904,0,0,1.48103624491055,1.01916270475453,0,0,-0.0840623479694191,0,0,8.011526966702,362.434078813742,19.0377015107849,0.420824276615717,13.3847217600944,12.701896895893,12.8498762926864,161.338184753896,1.05375770798629
"RFG",-0.425637624972778,0.273316024690513,0.366575159315018,-0.394703226997338,1.46873448622437,1.0257081510645,0.469207302757373,0.149042260519792,-0.202910293775978,0,-0.181393468304066,7.11551305866553,400.281971415637,20.007048043518,0.355650320986302,8.9745769475678,12.9731736440548,16.4448036125471,168.303234398799,0.691779605654207
"RFV",0.0774991458014124,0,0.299379032111705,0.463093334400474,1.42310044929848,1.04568203908795,-0.247356120510551,0.564647361354733,-0.100242898905717,0,-0.154863119421163,9.96660159091172,401.15945170534,20.0289653178925,0.497609408809962,13.6598023194458,16.0560992998803,20.2572304673334,257.798324727618,0.850754723443174
"RPG",-0.0167554337116608,0,0.192810324224022,-0.255675438172199,0.724921700533578,1.04563552530569,0.185672768662566,-0.185858915711837,-0.0999005147975761,-0.187454840770834,-0.112724434951087,7.58610625530363,336.681945679271,18.348894944363,0.413436682607099,13.4582823062646,11.9949279122119,11.0371502068751,143.87829561916,1.12199776478547
"RPV",0.0398152215587208,0.26521710947022,0,0,1.03741649280681,1.11269601048488,-0.213068511221166,0,0,0,-0.187719367050653,8.21485419802828,321.17093691841,17.9212426164708,0.458386417383707,14.977958235203,14.0366827146974,16.2318506656447,197.028461633084,1.06705826010586
"RSP",0.0390164235715358,0,0.0840177562604585,0.0916589383381612,0.136911846540188,0.99433767474607,-0.0356389794382008,0,0,-0.0747219117889511,-0.0958037457977694,8.1297853184209,235.181015738843,15.3356126626504,0.530124586298456,13.6188745680258,10.9208692155264,10.5908351840975,119.265384422632,1.2470504223843
"RWJ",-0.11229123148042,0.273098950250094,0.336575369077097,0,0.859973169340181,1.16459259085371,0,0.916258270671827,0,0,0,12.5199350277312,463.707061197143,21.5338584837261,0.581406952088635,14.5352415536323,16.3006153654102,18.4082296767976,265.710061291047,0.891698946806391
"RWK",-0.111766378883603,0,0.344260162861279,0.268699015934027,1.02811309797937,1.11432392458217,0,0.296708700681485,0,-0.169849003258305,-0.334664716792246,7.97792174623426,340.760698460068,18.4597047229924,0.432180355317244,13.0773447533682,13.8478194898701,16.0711933904425,191.762104624027,0.944361295504645
"RWL",-0.00634067458863164,0,0,0.150232706996646,0.173861855433425,1.02669716177076,0,0,0.0563992637263953,0.056109899324346,-0.131384304731085,8.92048669412422,214.326826591319,14.6399052794518,0.60932680395445,13.7690660066764,10.6659558245291,9.54087450322436,113.762613650805,1.29093596797119
"RYJ",-0.0194134549832582,0.0988479001174097,0,0,0.807176562371731,0.95066885738581,0,0.387917510720625,-0.107132127485473,0,-0.120401036513591,7.98822126562981,329.055575582309,18.1398890730431,0.44036770199994,12.0468703750666,13.3533147630445,18.6900047147768,178.311015160943,0.902163289702906
"RZG",-0.0422523915792732,0.214938384303848,0.349948818516738,-0.459044939435121,1.29254625123591,1.03392739071562,0.161090508796201,1.01415030154345,0,0,0,12.3516653682046,466.946308637378,21.6089404792872,0.571599768162815,13.3948212145123,15.2043445294929,18.1484813394534,231.17209257152,0.880986430459364
"RZV",-0.0507705974823539,0.292479636197547,0.292258917340532,0,2.558457865683,1.13574729398661,-0.362194495136351,1.08291453898281,0,0,0,10.0281112772959,578.530332177172,24.052657486797,0.416923214526317,13.1163959145253,19.4770952376217,23.1400231784499,379.357238895385,0.673426697076978
"SCHA",-0.0620646340843147,0.0721222369928192,0,0,0.159748867054239,1.03422709343504,0.056806602625985,0.586891423950319,0,-0.0835009021610488,-0.0521840365629442,9.22291378371756,351.734300266925,18.7545807808899,0.491768591975956,13.2645185846148,13.4973755547532,16.127107527891,182.17914686605,0.982747981695119
"SCHB",-0.0114959520815353,0,0.0283689145102597,0,0.0259722387216522,0.993015361471007,0.0169491567642449,-0.0212064650752528,0,0,0,8.27608818696584,227.348938285598,15.0780946503727,0.548881564870749,13.1219648752775,10.4463442479908,8.84947884652789,109.12610814753,1.25612985402059
"SCHD",-0.00396900110863325,-0.105674535328525,0,0.381277651972884,0.46815437722009,0.951974563623367,0,-0.0963563215016865,0.0987435650446013,0.0848527289410081,0,9.22390956333254,160.594108792177,12.6725730927929,0.727863985931821,13.0406015778643,9.60152082545534,9.4799934827407,92.1892021616526,1.35818083561214
"SCHG",0.107989597837298,-0.148654965001748,0.193182218160139,-0.204605763887267,0.191854466848221,0.975250015997846,0,-0.0856812308886965,-0.0834420971421003,0,0,8.24564924218516,282.903408375085,16.8197327081938,0.49023663962081,13.1534254545252,11.0235218240981,10.6105424538274,121.518033406367,1.19321444311663
"SCHM",0.00966426507999413,0,0,0,0.538523809672012,0.995711500032424,0.0498943637194113,0.147324063554923,0,-0.134192518952642,-0.18501304467163,7.63485621566908,276.469592366353,16.6273747887739,0.459173881184409,13.3159252616357,11.7909663274746,13.3493765291648,139.026886935639,1.12933282072122
"SCHV",-0.132454668343902,0.0875744586399418,-0.147464651104855,0.263311094773328,0.156881385366974,1.00980381265325,0,-0.0979467810220383,0.0880123210549141,0,0.0560632998835525,7.79100559193371,190.20498669235,13.7914823964775,0.564914297677209,12.8133183722033,10.1829021315184,9.15937101871598,103.691495820081,1.25831695195648
"SCHX",-0.00480008802973448,-0.0223890871331111,0,0,0.0281150749364345,0.988614684053079,0,-0.0922761556186638,0.0164331360946374,0,0,7.89975266505789,217.66788692854,14.7535720057395,0.535446782784853,13.0580112457782,10.2199410163176,8.56803401519783,104.447194377012,1.27769927682842
"SCHZ",0.196069363135337,-0.225785751503046,0,0.219510664983945,0.54355868876123,0,0,-0.0641364019125195,0,0,0,1.96284461726328,9.48834890788453,3.08031636490224,0.637221760604963,1.88331139708866,3.00304775138845,3.7673108204777,9.0182957971192,0.627133350183299
"SCPB",0.0914449253888414,-0.0248890013683202,0,0,0.0606291058741562,0.0329054262324055,0,0,0,0,0,1.26799394423898,1.10379946973453,1.05061861288221,1.20690222759374,1.45263216821037,0.939034182075003,0.578309965988599,0.88178519510527,1.54694280137966
"SDY",0.0791725589763642,-0.261005143964526,0,0.66771937387052,0.791799751010874,0.944727869938902,0,0.14587391669606,0.123864167273407,0,0,10.612534564428,170.035561304026,13.0397684528532,0.81385912662474,14.1099833865042,10.0076168601325,7.30657176188695,100.152395219207,1.40992441894078
"SLY",0.0044814766193224,0.196968486247437,0,-0.168843400414758,0.383535451584045,1.03966451918003,0,0.867915772523435,0.124251651197738,0,0,11.4784139258779,343.773119035154,18.5411196812694,0.619078789371799,14.5690818932385,13.8448684255197,11.7149612769279,191.680381719952,1.05230916217187
"SLYG",0.0452407575734182,0.221078142996453,0.171252811525654,-0.339105156056258,0.460531808933756,0.999149800428074,0.143929408966681,0.883370601961308,0.0653493042603719,0,0,12.8905163796832,357.966188877151,18.9199944206427,0.681317134302055,14.6984156824142,13.4816138564474,11.5711650974327,181.753912174354,1.09025639207022
"SLYV",-0.0313578864216949,0.270591122360197,0.179389147386019,0,0.478658006808272,1.05886144880714,0,0.854977995799444,0.0518413559528971,0,0,12.2477930361034,363.560315957425,19.0672576936859,0.642346856210959,14.5361309418579,14.5691210188405,13.3797403457528,212.259287261619,0.997735616517985
"SPHB",0.0259226311612594,0.437096443423291,0.231989243767732,-0.368865353311561,0.694965430618064,1.09822357484076,-0.252768878580605,0,-0.355305849669151,0.118408119008122,-0.21596752368882,6.9938154978771,527.664019904404,22.9709385943284,0.304463636483879,12.7363515722569,17.6303912301272,26.0511875766067,310.830694927347,0.722408902106079
"SPHQ",0.103314467063926,0,0.161982791893647,0.229931460860958,0.401761472145508,0.918752849661144,0.0985357158476878,0,0.0606306480700308,0,0,11.2863741483328,160.623180515046,12.6737200740369,0.890533646190736,14.4742577240784,9.17635201272309,6.26489437068024,84.205436261407,1.57734333905344
"SPLV",0.0274075762800054,-0.323315808068292,0,0.673420555545451,1.58996379767435,0.863416947776311,0.186126169781914,0,0.183074607219777,0,0,10.6020311451216,140.220017114642,11.8414533362523,0.895331919491988,12.8446593589247,9.36456217981803,5.35729460418441,87.6950248196783,1.37162411998361
"SPY",-0.0222750397495518,0,0,0,0.0271820991485381,1.00474903713261,0,-0.103909724381986,0.0283509871659559,0,0.0351699630901359,8.07388086353118,217.59899857735,14.7512371880243,0.547335844486721,13.2116420154916,10.2654064657705,8.49109008185027,105.378569907483,1.28700622420994
"SPYG",0.0235176877615331,-0.150524317158022,0.166496102668078,-0.156489205183161,0.164452742129576,1.0242097089818,0.0487444569862971,-0.136314844832398,0,0,0.0710054361501001,8.59210509085653,258.200649384864,16.0686231328283,0.534713212191952,13.3316814865591,10.6485839930819,8.31735828384557,113.392341057719,1.25196753814595
"SPYV",-0.101464455578943,0.10174785210043,-0.148947250386207,0.230231505162556,0.180829194953879,1.01624927576796,-0.0953217957280714,0,0.0896798687422733,0,0,7.3306502538151,207.119590626517,14.3916500314077,0.509368296047849,12.8430183049912,10.894997123054,10.6310827921661,118.700962311356,1.17879960498706
"THRK",0.0151247348772215,-0.0599759338472418,0.0977108749947846,0,0.156483077255471,0.997113632660653,0,0,0,0,0,8.49120710182938,235.137030119946,15.3341784951117,0.55374385426231,13.2112518808508,10.5861303187788,9.38448491783936,112.066155126168,1.24797744624542
"TILT",-0.0362921535028367,0.0346089666914403,0.0680586427179584,0,0.104570705661495,1.0241778455333,0,0.233244937706077,0,0,-0.0590716950740929,8.65744202743286,269.374644654893,16.4126367368224,0.52748636104335,13.1423496154528,11.6677083389615,11.5618016472557,136.135417883072,1.12638653912586
"TTFS",0.20353552712391,0,0.311489593242061,0,1.24826413664374,1.00602926192271,0,0,0,0,-0.304750271293134,10.6633942428286,254.159527307158,15.942381481672,0.66887084938268,15.4593047101021,11.5495665236614,10.87088798905,133.392486884481,1.33851817541644
"USMV",0.160995257593504,-0.43261417052223,0,0.582720919022393,0.695721529061655,0.829333803156113,0.0704382345075611,0,0.170562389736522,0,0,10.1713355194926,124.422842808107,11.1544987699182,0.91185948640946,13.2102697526085,8.55289847009823,5.27670444875032,73.1520722398087,1.54453718804133
"VB",-0.0652854081753922,0.0718964150577711,0.0893013749180473,0,0.244075503604854,1.02110062517307,0.056492770361613,0.500359428736545,0,-0.157038648082886,0,8.9186270091314,328.927317307441,18.1363534732713,0.491754145742436,13.1640631593874,12.9209823573138,15.3387873402674,166.951785078014,1.01881287315094
"VBK",-0.0962125161451706,-0.140682120457772,0,0,0.314822648674981,0.980158943654248,0.0593110899470215,0.416095009954027,-0.0730932389677912,-0.19461291619759,0,6.33683824094649,374.158548456819,19.3431783442334,0.327600672866444,11.2152233878989,13.2489123935977,17.2892781798142,175.533679613228,0.846501437606188
"VBR",-0.0124474561053063,0.186541544558719,0.119345797085468,0.118163653774176,0.349371594612777,1.043081274384,0,0.499391314776801,0.0441766284913847,-0.112475014848999,0,10.6743508424254,294.792541588468,17.1695236273016,0.621703378272645,14.6710911300041,12.8961861693366,13.8862362360049,166.311617714189,1.13763022163
"VCIT",0.35888925102139,-0.247511069042721,0,0.236709789315352,1.40609101289519,0,0,0,0,0,0,4.06734096547732,19.9246954148835,4.46370870632073,0.911202148947993,3.80849021019214,4.3770883764302,6.08787424701742,19.1589026550804,0.870096713308359
"VCLT",0.434840903299799,0,0.395200083389804,0,6.4524429916866,0,0,0,0,0,0,6.4731341008067,86.7689703670577,9.31498633209184,0.694916113672176,4.72960654868215,9.03809808201051,11.1001815050978,81.6872169400421,0.52329666106368
"VCSH",0.115208866817656,0,0.0864353298066768,0,0.157147291571249,0.0510894712283708,0.0302855666368497,-0.0508055164138487,0,-0.0510665353867482,0,1.91921048329133,3.13902865925968,1.77173041382138,1.0832406941369,2.14163245850481,1.53368855312773,1.53908144011683,2.35220057799502,1.396393325188
"VIG",-0.144291503357873,-0.180537472913161,0,0.34982582302621,0.425715411167208,0.961519735046193,0,0,0.112408673643493,0,0,6.85679906892871,172.986082025388,13.1524173453167,0.521333750967859,11.105953797603,9.64746594724341,9.4076423069673,93.0735992032211,1.15117833619059
"VIOG",0.0576523400213495,0.222138766995123,0.259788034047375,-0.317919901427716,0.4490295925974,0.985377204686022,0.184534703562704,0.841873922730165,0,0,0,13.2943622895014,371.210085744885,19.2668130666409,0.690013560806255,14.6348061264241,13.5094370666659,11.412476456669,182.504889858207,1.08330243919156
"VIOO",0.0103367729208386,0.261725978996486,0.220691316386183,-0.194473720730708,0.308663457378521,1.01138453831364,0.069610050624234,0.886622572805929,0.0580402412839727,0,0,12.6009667762887,349.933299683674,18.7065042079934,0.673614195158081,14.4316655848661,13.7813498384579,11.8700333792691,189.925603369964,1.04718810232895
"VIOV",0.0183778448533517,0.262978549826757,0.221682698760185,0,0.503516341539334,1.02212896569191,0,0.816044459591084,0,0,0,12.3764078895974,362.427336951342,19.0375244438804,0.650105948705734,14.495920004334,14.4667783783707,13.5949761118067,209.287676648895,1.00201438255298
"VO",0.0975447520576261,-0.196983959081862,0,0,0.725934590677443,0.955523341549527,0,0.161864910615807,0,0,-0.243431841457598,7.69002564134045,268.279820683367,16.3792496984253,0.469498040687404,12.8600665337509,11.4341095629373,15.1510808556117,130.738861497253,1.12471080174321
"VOE",0.114908139559126,0,0,0.101420007827731,0.34616414671231,0.971509228891927,0,0.063744769579,0,0,-0.182494214054499,9.24690368902343,229.714719533469,15.156342551337,0.610101260096403,14.3362006448962,10.9656896424436,11.9095989981042,120.246349334395,1.30736881239158
"VONE",-0.0228025964348202,-0.0464787375746479,0,0.052064349468446,0.0482453136918148,1.0049994164925,0,-0.10339688847874,0,0,0,7.77554813964303,228.823854518325,15.1269248202774,0.514020412742452,12.9815806436528,10.4816650424742,8.70047912162389,109.865302062625,1.23850367198803
"VONG",0.0390240552164846,-0.150366308222526,0.27464154565773,-0.104078251388704,0.13284962895754,0.995452961433446,0.0766538148670476,-0.185640974755954,-0.0907927669889819,0,0,8.51729246060191,270.711587282607,16.4533153887782,0.517664206838885,12.911286473411,10.7276777059455,8.51860966410656,115.083068962639,1.20354906507447
"VONV",-0.0592780032536555,0.131478109513977,-0.106505347964399,0.214036892950196,0.167509720296393,0.988535063436512,0,-0.0607908162144429,0,0.0555837808897167,0,8.53413712088995,207.063794881896,14.3897114245525,0.593072151977181,13.17620390218,10.6490383783944,10.4852316832282,113.402018384518,1.23731396526027
"VOO",-0.0219997833099952,0,0.0324990908500266,0,0.0345064638289362,1.00761847971548,0,-0.104381562564844,0.0200918469222289,0,0.0390553144098981,8.17863687172,220.565803218647,14.8514579492603,0.55069589124934,13.2196746337988,10.3256593603774,8.45060039838412,106.619241226548,1.28027413770075
"VOOG",0.0486926278766115,-0.127287972954439,0.191155670430938,-0.13269408719738,0.150330507317757,0.993440674465783,0.0704712274484657,-0.152046590903414,-0.0372453101095528,0,0.107736718132678,9.0647600435096,251.028676319688,15.8438845085316,0.572129898992157,13.3942149099591,10.4379559457284,8.27799682044236,108.950924324966,1.28322201967528
"VOOV",-0.0702183598626519,0.091230732871339,-0.0980600965943539,0.23364624267428,0.161984107361787,0.991307898696555,-0.0831187893310381,0,0.0789640023541232,0,0,7.69914578486419,195.959800826605,13.9985642416144,0.549995388953995,12.8934566792735,10.5781277472566,10.2537087253386,111.896786637281,1.21887889684612
"VOT",-0.0150198401754311,-0.271017205262584,0.180204462111475,0,0.584376095480877,0.97281127166765,0,0,-0.0688620512568007,-0.169439486849742,-0.200979772231778,5.19259749045788,311.541033421368,17.6505250182925,0.294189407118283,11.1691945250242,11.8773173410864,14.3995845186397,141.070667220872,0.940380239432295
"VQT",-0.470483076359967,0,0,0,1.41605226080398,0.511955295358912,-0.101749314396049,0,0,0,0,-2.38800399609239,83.7706766434742,9.15263222485609,-0.260908986335889,0.478217218179267,7.20535627420602,16.6951151565191,51.91715903824,0.0663696838824202
"VTHR",-0.00108138164733879,-0.0489973681210015,0,0,0.201118958539041,0.99576856155451,0,0,0,0.0632832534754286,-0.0571602614631928,8.16606113479756,233.468927815575,15.2796900431774,0.534438925902415,12.9246214450284,10.6778665190234,9.20900756417263,114.016833398082,1.21041234426392
"VTI",-0.0163655032026505,0,0.0425227887500584,0,0.0255774830639412,1.00624879102682,0.0139415766812698,-0.0158224300823883,0,-0.0181963906894695,0,8.24756408810794,235.344621066531,15.3409458986899,0.537617702492013,13.2285743600312,10.6185023329525,8.83891308496909,112.752591794917,1.24580415817953
"VTV",-0.032780629154987,0.134710270454561,-0.147545135907744,0.177833768881112,0.180867358165636,0.992371326989463,-0.0432494131703227,-0.0512763935047837,0.0950968210873846,0,0,8.37510130011811,189.001783730321,13.747791958359,0.609196104035152,13.709429106722,10.3092440665544,9.37356302775662,106.280513223786,1.32981904572408
"VTWG",-0.118955222862714,-0.10400211208625,-0.201105593175287,-0.332296872794039,0.168685796315623,1.09053221384574,0.0798342441676047,0.830867106348981,0,0,-0.0713337112104742,7.75508401818703,515.963373092728,22.7148271640514,0.341410654907393,11.9788097969218,15.5965648976259,19.9481731760652,243.252836605855,0.768041544759974
"VTWO",-0.104843449465919,0.127677881981781,-0.0841146120475163,-0.205831662473163,0.128316190788924,1.02980628597023,0.0505963740010613,0.868166326106663,0.0510199749236418,0,0,9.45854558675467,393.75739752637,19.8433212322527,0.476661415498383,12.6137504218035,14.3138453207308,16.8943991367889,204.886167865807,0.881227241119822
"VTWV",-0.154462146621333,0.305805671922721,0,0,0.358944582335603,1.03672899076624,0,0.871824217046199,0.0910215491565197,0,0,10.2414605828109,346.298602285257,18.6090999859009,0.550346905039488,12.8920424790044,14.4053930111129,16.4686893485565,207.515347804621,0.89494555747691
"VUG",0.0458744412821422,-0.191833029186121,0.175793059234134,-0.175770335621635,0.361893568831038,1.01276565403333,0,-0.243637317958966,-0.093319581857658,0,0,7.23452083488243,300.207844548262,17.326506992128,0.417540640947959,12.6505119131634,11.3895539967819,9.25760637939032,129.721940245611,1.11071179053523
"VV",-0.00897636894271633,-0.018341454544616,0,0,0.0223558633882635,1.00235828799511,0,-0.100884438254656,0.0172294007202227,0,0,7.96540339559655,222.666660599126,14.9220193204246,0.533801975761675,13.2042714275826,10.3422639180356,8.58990744797558,106.962422950301,1.27672930532705
"VXF",-0.0245118144313543,0,0.097129933701889,0,0.254681090381429,0.998872618385387,0.0818052071726834,0.367886664093138,-0.0804052513405462,-0.0978355038660943,-0.10838530494346,8.48401235738574,338.505513963839,18.3985193416166,0.461124735086443,12.7871064746777,12.8760099821966,16.3627549049915,165.791633061627,0.993095414834111
"VYM",-0.00409451557219217,0,0,0.240341719453847,0.364645273073925,0.963773138134617,-0.0749347457426858,0,0.154179414429393,0,0.104964811987443,9.03097790990077,162.267718402119,12.738434691991,0.708955074015398,13.4546824170375,9.70568148734377,8.64216734468587,94.2002531337677,1.3862686957719
"XLG",-0.119660031497992,0,0,0,0.218514953826379,1.03867477128228,-0.0403905635816113,-0.181457297988795,0.0450937503590012,0.0595768224717667,0.217820174926315,7.72527217348216,223.569487679465,14.9522402227715,0.516663192831598,12.4344379842682,10.6695425920299,8.63680784076237,113.839139123139,1.16541434433719
